{"errors":[],"warnings":[],"namedChunkGroups":{"app":{"chunks":[4,1,0],"assets":["webpack-runtime-b57e686fb10dc1119ab1.js","webpack-runtime-b57e686fb10dc1119ab1.js.map","commons-a52697710ef5cd8a8e6e.js","commons-a52697710ef5cd8a8e6e.js.map","app-a2118a664c14f0b95a23.js","app-a2118a664c14f0b95a23.js.map"],"children":{},"childAssets":{}},"component---src-pages-index-js":{"chunks":[3,2],"assets":["styles.04122e0e962f4c27e6bc.css","styles-9b387955a3282f45d453.js","styles-9b387955a3282f45d453.js.map","component---src-pages-index-js-a44d14e21a6130a4c468.js","component---src-pages-index-js-a44d14e21a6130a4c468.js.map"],"children":{},"childAssets":{}}},"assetsByChunkName":{"app":["webpack-runtime-b57e686fb10dc1119ab1.js","commons-a52697710ef5cd8a8e6e.js","app-a2118a664c14f0b95a23.js"],"component---src-pages-index-js":["styles.04122e0e962f4c27e6bc.css","styles-9b387955a3282f45d453.js","component---src-pages-index-js-a44d14e21a6130a4c468.js"]}}